tld,first_year_usd,renewal_usd,transfer_usd,renewal_minus_first_year_usd,renewal_to_first_year_ratio,first_year_has_coupon
abogado,26.26,26.26,26.26,0.00,1.00,no
ac,26.06,46.65,46.65,20.59,1.79,no
academy,11.84,43.77,43.77,31.93,3.70,no
accountant,21.09,21.09,21.09,0.00,1.00,no
accountants,23.17,102.47,102.47,79.30,4.42,no
actor,10.81,39.65,39.65,28.84,3.67,no
adult,52.01,98.35,98.35,46.34,1.89,no
ag,77.98,77.98,77.55,0.00,1.00,no
agency,3.60,27.29,27.29,23.69,7.58,no
ai,82.70,82.70,165.09,0.00,1.00,no
airforce,92.17,92.17,91.26,0.00,1.00,no
am,36.35,36.35,36.35,0.00,1.00,no
apartments,10.81,50.98,50.98,40.17,4.72,no
app,8.75,14.93,14.93,6.18,1.71,no
archi,13.39,92.17,92.17,78.78,6.88,no
army,10.81,34.50,34.50,23.69,3.19,no
art,3.60,21.11,21.11,17.51,5.86,no
as,51.80,51.80,51.80,0.00,1.00,no
asia,11.84,11.84,11.84,0.00,1.00,no
associates,11.84,34.50,34.50,22.66,2.91,no
attorney,49.95,49.95,49.95,0.00,1.00,no
au,8.41,8.41,0.00,0.00,1.00,no
auction,3.09,29.35,29.35,26.26,9.50,no
audio,103.50,103.50,103.50,0.00,1.00,no
autos,1.54,14.21,14.21,12.67,9.23,no
baby,1.54,52.01,52.01,50.47,33.77,no
band,15.96,28.32,28.32,12.36,1.77,no
bar,2.57,52.01,52.01,49.44,20.24,no
bargains,11.84,24.20,24.20,12.36,2.04,no
basketball,41.88,42.88,42.88,1.00,1.02,no
bayern,31.56,30.80,31.56,-0.76,0.98,no
beauty,1.54,14.21,14.21,12.67,9.23,no
beer,1.54,26.26,26.26,24.72,17.05,no
best,1.73,18.69,18.69,16.96,10.80,no
bet,9.78,23.17,23.17,13.39,2.37,no
bh,39.78,39.78,26.71,0.00,1.00,no
bible,40.68,41.88,41.88,1.20,1.03,no
bid,4.61,5.64,4.61,1.03,1.22,no
bike,8.24,35.53,35.53,27.29,4.31,no
bingo,8.24,47.89,47.89,39.65,5.81,no
bio,5.66,64.37,64.37,58.71,11.37,no
biz,6.69,19.05,19.05,12.36,2.85,no
black,15.96,58.19,58.19,42.23,3.65,no
blackfriday,103.50,103.50,103.50,0.00,1.00,no
blog,2.57,21.11,21.11,18.54,8.21,no
blue,12.87,22.14,22.14,9.27,1.72,no
boats,1.54,14.21,14.21,12.67,9.23,no
bond,1.80,15.96,15.96,14.16,8.87,no
boo,10.81,10.81,10.81,0.00,1.00,no
boston,19.05,19.05,19.05,0.00,1.00,no
bot,52.01,52.01,52.01,0.00,1.00,no
boutique,2.57,29.35,29.35,26.78,11.42,no
broker,8.24,32.44,32.44,24.20,3.94,no
build,26.26,26.26,26.26,0.00,1.00,no
builders,4.63,31.41,31.41,26.78,6.78,no
business,2.57,19.05,19.05,16.48,7.41,no
buzz,2.05,26.26,26.26,24.21,12.81,no
bz,16.79,16.79,16.79,0.00,1.00,no
ca,8.65,9.15,8.98,0.50,1.06,no
cab,12.87,29.35,29.35,16.48,2.28,no
cafe,4.63,46.86,46.86,42.23,10.12,no
cam,7.72,14.93,14.93,7.21,1.93,no
camera,11.84,46.86,46.86,35.02,3.96,no
camp,6.69,56.13,56.13,49.44,8.39,no
capital,5.66,63.34,63.34,57.68,11.19,no
cards,2.57,34.50,34.50,31.93,13.42,no
care,11.84,39.65,39.65,27.81,3.35,no
careers,15.96,63.34,63.34,47.38,3.97,no
casa,1.54,10.81,10.81,9.27,7.02,no
cash,9.78,34.50,34.50,24.72,3.53,no
casino,7.72,143.67,143.67,135.95,18.61,no
catering,34.50,34.50,34.50,0.00,1.00,no
cc,3.40,8.55,8.55,5.15,2.51,no
center,3.60,29.35,29.35,25.75,8.15,no
ceo,9.78,103.50,103.50,93.72,10.58,no
cfd,1.80,15.96,15.96,14.16,8.87,no
channel,10.81,10.81,10.81,0.00,1.00,no
charity,5.99,22.66,22.66,16.67,3.78,no
chat,5.66,40.68,40.68,35.02,7.19,no
cheap,5.66,29.35,29.35,23.69,5.19,no
christmas,31.41,31.41,31.41,0.00,1.00,no
church,6.69,52.01,52.01,45.32,7.77,no
city,4.63,26.26,26.26,21.63,5.67,no
claims,10.81,58.19,58.19,47.38,5.38,no
cleaning,67.46,67.46,67.46,0.00,1.00,no
click,1.54,10.81,10.81,9.27,7.02,no
clinic,10.81,58.19,58.19,47.38,5.38,no
clothing,10.81,29.35,29.35,18.54,2.72,no
cloud,3.88,21.11,21.11,17.23,5.44,no
club,4.12,15.96,15.96,11.84,3.87,no
co,15.76,31.20,31.20,15.44,1.98,no
coach,10.81,68.49,68.49,57.68,6.34,no
codes,4.63,63.34,63.34,58.71,13.68,no
coffee,10.81,38.62,38.62,27.81,3.57,no
college,10.30,52.01,52.01,41.71,5.05,no
com,11.08,11.08,11.08,0.00,1.00,no
community,8.24,45.83,45.83,37.59,5.56,no
company,2.57,19.05,19.05,16.48,7.41,no
compare,26.26,26.26,26.26,0.00,1.00,no
computer,18.02,34.50,34.50,16.48,1.91,no
condos,52.01,52.01,52.01,0.00,1.00,no
construction,8.75,34.50,34.50,25.75,3.94,no
consulting,21.11,43.77,43.77,22.66,2.07,no
contact,12.87,12.87,12.87,0.00,1.00,no
contractors,5.66,31.41,31.41,25.75,5.55,no
cooking,26.26,26.26,26.26,0.00,1.00,no
cool,5.66,40.68,40.68,35.02,7.19,no
coupons,2.57,48.92,48.92,46.35,19.04,no
courses,1.54,31.41,31.41,29.87,20.40,no
credit,6.69,92.17,92.17,85.48,13.78,no
creditcard,5.66,129.25,129.25,123.59,22.84,no
cricket,21.09,21.09,21.09,0.00,1.00,no
cruises,8.24,49.95,49.95,41.71,6.06,no
cv,8.03,8.03,8.03,0.00,1.00,no
cx,16.53,16.75,16.53,0.22,1.01,no
cymru,10.59,10.59,10.59,0.00,1.00,no
cyou,1.80,15.96,15.96,14.16,8.87,no
dad,10.81,10.81,10.81,0.00,1.00,no
dance,9.78,25.23,25.23,15.45,2.58,no
date,4.61,5.64,4.61,1.03,1.22,no
dating,12.87,58.19,58.19,45.32,4.52,no
day,10.81,10.81,10.81,0.00,1.00,no
de,2.90,4.07,5.10,1.17,1.40,no
deal,31.41,31.41,31.41,0.00,1.00,no
deals,3.60,34.50,34.50,30.90,9.58,no
degree,8.24,41.71,41.71,33.47,5.06,no
delivery,5.15,56.13,56.13,50.98,10.90,no
democrat,5.66,5.66,5.66,0.00,1.00,no
dental,68.49,68.49,68.49,0.00,1.00,no
dentist,58.19,58.19,58.19,0.00,1.00,no
desi,13.05,13.05,13.05,0.00,1.00,no
design,10.81,46.86,46.86,36.05,4.33,no
dev,8.75,12.87,12.87,4.12,1.47,no
diamonds,43.77,43.77,43.77,0.00,1.00,no
diet,103.50,103.50,103.50,0.00,1.00,no
digital,2.57,34.50,34.50,31.93,13.42,no
direct,10.81,34.50,34.50,23.69,3.19,no
directory,4.63,25.23,25.23,20.60,5.45,no
discount,4.63,24.20,24.20,19.57,5.23,no
diy,4.63,31.41,31.41,26.78,6.78,no
doctor,8.24,102.47,102.47,94.23,12.44,no
dog,3.60,58.19,58.19,54.59,16.16,no
domains,10.81,46.86,46.86,36.05,4.33,no
download,4.61,5.64,4.61,1.03,1.22,no
earth,15.96,15.96,15.96,0.00,1.00,no
eat,13.90,13.90,13.90,0.00,1.00,no
eco,59.73,59.73,59.73,0.00,1.00,no
education,21.11,31.41,31.41,10.30,1.49,no
email,5.66,28.32,28.32,22.66,5.00,no
energy,11.84,102.47,102.47,90.63,8.65,no
engineer,9.78,35.53,35.53,25.75,3.63,no
engineering,6.69,60.25,60.25,53.56,9.01,no
enterprises,3.60,31.41,31.41,27.81,8.72,no
equipment,10.81,26.26,26.26,15.45,2.43,no
esq,21.11,21.11,21.11,0.00,1.00,no
estate,8.24,35.53,35.53,27.29,4.31,no
eu,5.88,5.88,5.88,0.00,1.00,no
events,9.78,52.01,52.01,42.23,5.32,no
exchange,6.18,34.50,34.50,28.32,5.58,no
expert,6.69,56.13,56.13,49.44,8.39,no
exposed,20.08,20.08,20.08,0.00,1.00,no
express,9.27,34.50,34.50,25.23,3.72,no
fail,8.24,34.50,34.50,26.26,4.19,no
faith,10.79,10.79,10.79,0.00,1.00,no
family,5.66,35.53,35.53,29.87,6.28,no
fan,6.69,48.92,48.92,42.23,7.31,no
fans,3.60,8.75,8.75,5.15,2.43,no
farm,7.72,34.50,34.50,26.78,4.47,no
fashion,26.26,26.26,26.26,0.00,1.00,no
fast,23.69,23.69,23.69,0.00,1.00,no
feedback,9.27,309.47,309.47,300.20,33.38,no
finance,6.69,58.19,58.19,51.50,8.70,no
financial,15.96,52.01,52.01,36.05,3.26,no
fish,8.24,39.65,39.65,31.41,4.81,no
fishing,26.26,26.26,26.26,0.00,1.00,no
fit,2.06,26.26,26.26,24.20,12.75,no
fitness,5.66,34.50,34.50,28.84,6.10,no
flights,31.41,52.01,52.01,20.60,1.66,no
florist,8.24,26.26,26.26,18.02,3.19,no
flowers,103.50,103.50,103.50,0.00,1.00,no
fly,13.90,13.90,13.90,0.00,1.00,no
fm,87.85,87.85,87.85,0.00,1.00,no
fo,51.19,51.19,51.19,0.00,1.00,no
foo,10.81,10.81,10.81,0.00,1.00,no
food,4.63,31.41,31.41,26.78,6.78,no
football,10.81,23.17,23.17,12.36,2.14,no
forex,10.81,92.17,92.17,81.36,8.53,no
forsale,10.81,31.41,31.41,20.60,2.91,no
forum,1.54,31.41,31.41,29.87,20.40,no
foundation,5.99,22.66,22.66,16.67,3.78,no
free,31.41,31.41,31.41,0.00,1.00,no
fun,2.57,31.41,31.41,28.84,12.22,no
fund,8.75,63.34,63.34,54.59,7.24,no
furniture,21.11,92.17,92.17,71.06,4.37,no
futbol,5.66,5.66,5.66,0.00,1.00,no
fyi,5.66,5.66,5.66,0.00,1.00,no
gallery,26.26,26.26,26.26,0.00,1.00,no
game,309.47,340.37,340.37,30.90,1.10,no
games,8.24,30.38,30.38,22.14,3.69,no
garden,1.54,26.26,26.26,24.72,17.05,no
gay,2.06,31.41,31.41,29.35,15.25,no
gg,51.80,51.80,51.80,0.00,1.00,no
gift,16.58,16.58,16.58,0.00,1.00,no
gifts,8.24,32.44,32.44,24.20,3.94,no
gives,5.99,22.66,22.66,16.67,3.78,no
giving,5.99,22.66,22.66,16.67,3.78,no
glass,64.37,64.37,64.37,0.00,1.00,no
global,31.41,87.02,87.02,55.61,2.77,no
gmbh,46.86,46.86,46.86,0.00,1.00,no
gold,5.66,92.17,92.17,86.51,16.28,no
golf,4.63,58.19,58.19,53.56,12.57,no
graphics,21.11,21.11,21.11,0.00,1.00,no
gratis,21.11,21.11,21.11,0.00,1.00,no
green,6.69,68.49,68.49,61.80,10.24,no
gripe,5.66,5.66,5.66,0.00,1.00,no
group,6.18,23.17,23.17,16.99,3.75,no
guide,6.18,34.50,34.50,28.32,5.58,no
guitars,103.50,103.50,103.50,0.00,1.00,no
guru,2.57,38.62,38.62,36.05,15.03,no
hair,1.54,14.21,14.21,12.67,9.23,no
haus,10.81,30.38,30.38,19.57,2.81,no
health,10.81,62.31,62.31,51.50,5.76,no
healthcare,77.75,77.75,77.75,0.00,1.00,no
help,1.54,26.26,26.26,24.72,17.05,no
here,13.90,13.90,13.90,0.00,1.00,no
hiphop,21.11,21.11,21.11,0.00,1.00,no
hiv,184.86,184.86,184.86,0.00,1.00,no
hockey,8.24,53.04,53.04,44.80,6.44,no
holdings,58.19,58.19,58.19,0.00,1.00,no
holiday,5.66,52.01,52.01,46.35,9.19,no
homes,1.54,14.21,14.21,12.67,9.23,no
horse,26.26,26.26,26.26,0.00,1.00,no
hospital,56.13,56.13,56.13,0.00,1.00,no
host,4.63,81.87,81.87,77.24,17.68,no
hosting,309.47,340.37,340.37,30.90,1.10,no
hot,41.71,41.71,41.71,0.00,1.00,no
house,14.93,39.65,39.65,24.72,2.66,no
how,21.11,21.11,21.11,0.00,1.00,no
icu,3.59,15.96,15.96,12.37,4.45,no
id,18.33,18.33,18.33,0.00,1.00,no
immo,8.24,31.41,31.41,23.17,3.81,no
immobilien,8.24,31.41,31.41,23.17,3.81,no
in,7.83,7.83,7.83,0.00,1.00,no
industries,9.53,40.68,40.68,31.15,4.27,no
info,3.60,22.14,22.14,18.54,6.15,no
ing,10.81,10.81,10.81,0.00,1.00,no
ink,2.06,26.26,26.26,24.20,12.75,no
institute,7.72,25.23,25.23,17.51,3.27,no
insure,5.66,64.37,64.37,58.71,11.37,no
international,8.24,28.32,28.32,20.08,3.44,no
investments,8.24,114.83,114.83,106.59,13.94,no
io,28.12,51.80,51.80,23.68,1.84,no
irish,5.66,20.08,20.08,14.42,3.55,no
je,51.80,51.80,51.80,0.00,1.00,no
jetzt,7.72,21.11,21.11,13.39,2.73,no
jewelry,10.81,58.19,58.19,47.38,5.38,no
jobs,101.64,101.64,99.19,0.00,1.00,no
juegos,309.47,309.47,309.47,0.00,1.00,no
kaufen,5.66,27.29,27.29,21.63,4.82,no
kids,5.66,19.05,19.05,13.39,3.37,no
kim,8.24,19.05,19.05,10.81,2.31,no
kitchen,8.24,58.19,58.19,49.95,7.06,no
kred,12.87,12.87,12.87,0.00,1.00,no
kyoto,40.98,40.98,40.98,0.00,1.00,no
la,27.34,27.94,27.34,0.60,1.02,no
land,8.75,34.50,34.50,25.75,3.94,no
lat,1.54,26.26,26.26,24.72,17.05,no
law,82.90,82.90,82.90,0.00,1.00,no
lawyer,56.13,56.13,56.13,0.00,1.00,no
lc,18.85,18.85,18.85,0.00,1.00,no
lease,8.24,44.80,44.80,36.56,5.44,no
legal,5.66,63.34,63.34,57.68,11.19,no
lgbt,10.81,68.49,68.49,57.68,6.34,no
life,2.57,34.50,34.50,31.93,13.42,no
lifestyle,4.63,31.41,31.41,26.78,6.78,no
lighting,8.24,21.11,21.11,12.87,2.56,no
limited,8.24,32.44,32.44,24.20,3.94,no
limo,10.81,43.77,43.77,32.96,4.05,no
link,7.72,7.72,7.72,0.00,1.00,no
live,2.57,31.41,31.41,28.84,12.22,no
living,4.63,31.41,31.41,26.78,6.78,no
llc,10.81,34.50,34.50,23.69,3.19,no
loan,4.61,5.64,4.61,1.03,1.22,no
loans,10.81,93.20,93.20,82.39,8.62,no
locker,5.66,31.41,31.41,25.75,5.55,no
lol,1.54,26.26,26.26,24.72,17.05,no
london,14.24,27.98,27.98,13.74,1.96,no
love,8.75,23.17,23.17,14.42,2.65,no
ltd,5.66,34.50,34.50,28.84,6.10,no
ltda,29.35,30.16,30.16,0.81,1.03,no
luxe,15.96,15.96,15.96,0.00,1.00,no
luxury,26.26,26.26,26.26,0.00,1.00,no
maison,13.39,45.83,45.83,32.44,3.42,no
makeup,1.54,14.21,14.21,12.67,9.23,no
management,8.24,23.17,23.17,14.93,2.81,no
market,39.65,39.65,39.65,0.00,1.00,no
marketing,5.66,34.50,34.50,28.84,6.10,no
markets,5.66,15.96,15.96,10.30,2.82,no
mba,10.81,34.50,34.50,23.69,3.19,no
me,17.27,17.27,17.27,0.00,1.00,no
med,71.96,147.65,147.65,75.69,2.05,no
media,4.63,40.68,40.68,36.05,8.79,no
melbourne,40.12,40.12,40.12,0.00,1.00,no
meme,10.81,10.81,10.81,0.00,1.00,no
memorial,102.47,102.47,102.47,0.00,1.00,no
men,4.61,5.64,4.61,1.03,1.22,no
menu,26.96,26.96,26.96,0.00,1.00,no
miami,19.05,19.05,19.05,0.00,1.00,no
mn,41.50,41.50,41.50,0.00,1.00,no
mobi,4.12,41.71,41.71,37.59,10.12,no
mobile,15.96,15.96,15.96,0.00,1.00,no
moda,10.81,33.47,33.47,22.66,3.10,no
moe,13.05,13.05,13.05,0.00,1.00,no
moi,21.11,21.11,21.11,0.00,1.00,no
mom,1.54,26.26,26.26,24.72,17.05,no
money,10.81,31.41,31.41,20.60,2.91,no
monster,1.54,14.21,14.21,12.67,9.23,no
mortgage,8.24,56.13,56.13,47.89,6.81,no
motorcycles,1.54,14.21,14.21,12.67,9.23,no
mov,10.81,10.81,10.81,0.00,1.00,no
movie,36.56,309.47,309.47,272.91,8.46,no
mu,51.98,52.98,51.98,1.00,1.02,no
music,38.62,38.62,38.62,0.00,1.00,no
mx,35.57,41.23,41.23,5.66,1.16,no
my,2.37,26.06,26.06,23.69,11.00,no
nagoya,13.76,13.76,13.76,0.00,1.00,no
name,7.31,7.31,7.31,0.00,1.00,no
navy,82.90,82.90,82.90,0.00,1.00,no
net,12.52,12.52,12.52,0.00,1.00,no
network,4.63,31.41,31.41,26.78,6.78,no
new,412.46,412.46,412.46,0.00,1.00,no
news,9.78,29.35,29.35,19.57,3.00,no
nexus,10.81,10.81,10.81,0.00,1.00,no
ngo,15.96,15.96,15.96,0.00,1.00,no
ninja,5.66,28.32,28.32,22.66,5.00,no
nl,7.68,7.68,7.68,0.00,1.00,no
now,31.41,31.41,31.41,0.00,1.00,no
nrw,39.29,39.29,39.29,0.00,1.00,no
nyc,26.26,26.26,26.26,0.00,1.00,no
nz,14.98,14.99,14.92,0.01,1.00,no
observer,9.78,9.78,9.78,0.00,1.00,no
one,4.63,20.08,20.08,15.45,4.34,no
ong,15.96,15.96,15.96,0.00,1.00,no
onl,3.09,10.76,10.76,7.67,3.48,no
online,1.96,28.84,28.84,26.88,14.71,no
ooo,21.10,21.10,21.10,0.00,1.00,no
org,7.98,11.84,11.84,3.86,1.48,no
organic,10.81,68.49,68.49,57.68,6.34,no
osaka,26.68,26.88,26.68,0.20,1.01,no
page,10.81,10.81,10.81,0.00,1.00,no
partners,7.72,63.34,63.34,55.62,8.20,no
parts,8.75,34.50,34.50,25.75,3.94,no
party,4.61,5.64,4.61,1.03,1.22,no
pet,10.81,23.17,23.17,12.36,2.14,no
ph,42.36,44.99,19.99,2.63,1.06,no
phd,21.11,21.11,21.11,0.00,1.00,no
photo,26.26,26.26,26.26,0.00,1.00,no
photography,5.66,32.44,32.44,26.78,5.73,no
photos,8.24,27.29,27.29,19.05,3.31,no
pics,1.54,26.26,26.26,24.72,17.05,no
pictures,8.24,13.90,13.90,5.66,1.69,no
pink,8.24,21.11,21.11,12.87,2.56,no
pizza,10.81,58.19,58.19,47.38,5.38,no
place,20.08,20.08,20.08,0.00,1.00,no
plumbing,8.24,64.37,64.37,56.13,7.81,no
plus,9.78,47.89,47.89,38.11,4.90,no
poker,8.24,54.07,54.07,45.83,6.56,no
porn,52.01,98.35,98.35,46.34,1.89,no
press,4.63,64.37,64.37,59.74,13.90,no
pro,3.09,22.14,22.14,19.05,7.17,no
productions,8.24,34.50,34.50,26.26,4.19,no
prof,21.11,21.11,21.11,0.00,1.00,no
promo,10.81,22.14,22.14,11.33,2.05,no
properties,6.18,34.50,34.50,28.32,5.58,no
property,52.01,103.50,103.50,51.49,1.99,no
pub,36.56,36.56,36.56,0.00,1.00,no
pw,4.43,18.33,18.33,13.90,4.14,no
qpon,2.05,9.66,9.66,7.61,4.71,no
quest,1.54,14.21,14.21,12.67,9.23,no
racing,10.79,10.79,10.79,0.00,1.00,no
realty,93.20,288.88,288.88,195.68,3.10,no
recipes,6.69,68.49,68.49,61.80,10.24,no
red,8.24,21.11,21.11,12.87,2.56,no
rehab,8.24,32.44,32.44,24.20,3.94,no
reise,87.02,87.02,87.02,0.00,1.00,no
reisen,19.05,19.05,19.05,0.00,1.00,no
rent,10.30,52.01,52.01,41.71,5.05,no
rentals,6.69,39.65,39.65,32.96,5.93,no
repair,7.72,32.44,32.44,24.72,4.20,no
report,6.69,21.11,21.11,14.42,3.16,no
republican,5.66,5.66,5.66,0.00,1.00,no
rest,1.54,26.26,26.26,24.72,17.05,no
restaurant,12.87,58.19,58.19,45.32,4.52,no
review,10.79,10.79,10.79,0.00,1.00,no
reviews,4.63,56.13,56.13,51.50,12.12,no
rich,78.99,160.71,"1,802.78",81.72,2.03,no
rip,4.63,21.11,21.11,16.48,4.56,no
rocks,3.60,20.08,20.08,16.48,5.58,no
rodeo,10.81,10.81,10.81,0.00,1.00,no
rsvp,10.81,10.81,10.81,0.00,1.00,no
rugby,41.98,42.98,42.98,1.00,1.02,no
run,4.12,25.23,25.23,21.11,6.12,no
saarland,22.33,22.33,22.33,0.00,1.00,no
sale,3.60,35.53,35.53,31.93,9.87,no
salon,10.81,50.98,50.98,40.17,4.72,no
sarl,5.66,5.66,5.66,0.00,1.00,no
sbs,1.80,15.96,15.96,14.16,8.87,no
sc,87.85,87.85,87.85,0.00,1.00,no
school,5.66,34.50,34.50,28.84,6.10,no
schule,10.81,26.26,26.26,15.45,2.43,no
science,10.79,10.79,10.79,0.00,1.00,no
select,26.26,26.26,26.26,0.00,1.00,no
services,8.75,34.50,34.50,25.75,3.94,no
sex,52.01,98.35,98.35,46.34,1.89,no
sh,31.20,46.65,46.65,15.45,1.50,no
shiksha,10.81,41.71,41.71,30.90,3.86,no
shoes,21.11,58.19,58.19,37.08,2.76,no
shop,2.06,31.41,31.41,29.35,15.25,no
shopping,8.24,24.20,24.20,15.96,2.94,no
show,8.24,39.65,39.65,31.41,4.81,no
si,20.49,17.60,0.00,-2.89,0.86,no
singles,7.21,27.29,27.29,20.08,3.79,no
site,1.96,28.84,28.84,26.88,14.71,no
ski,21.11,58.19,58.19,37.08,2.76,no
skin,1.54,14.21,14.21,12.67,9.23,no
soccer,10.81,23.17,23.17,12.36,2.14,no
social,6.69,34.50,34.50,27.81,5.16,no
software,15.96,36.56,36.56,20.60,2.29,no
solar,5.66,58.19,58.19,52.53,10.28,no
solutions,3.60,31.41,31.41,27.81,8.72,no
soy,19.05,19.05,19.05,0.00,1.00,no
spa,21.61,21.61,21.61,0.00,1.00,no
space,1.96,26.26,26.26,24.30,13.40,no
spot,21.11,21.11,21.11,0.00,1.00,no
srl,27.29,28.03,28.03,0.74,1.03,no
storage,515.45,515.45,515.45,0.00,1.00,no
store,2.57,43.77,43.77,41.20,17.03,no
stream,4.61,5.64,4.61,1.03,1.22,no
studio,11.84,41.71,41.71,29.87,3.52,no
study,1.54,31.41,31.41,29.87,20.40,no
style,7.21,34.50,34.50,27.29,4.79,no
sucks,205.46,213.14,205.46,7.68,1.04,no
supplies,22.14,22.14,22.14,0.00,1.00,no
supply,23.17,23.17,23.17,0.00,1.00,no
support,6.69,24.20,24.20,17.51,3.62,no
surf,1.54,26.26,26.26,24.72,17.05,no
surgery,48.92,48.92,48.92,0.00,1.00,no
sydney,40.12,40.12,40.12,0.00,1.00,no
systems,11.84,31.41,31.41,19.57,2.65,no
taipei,14.98,15.19,14.98,0.21,1.01,no
talk,31.41,31.41,31.41,0.00,1.00,no
tattoo,2.06,31.41,31.41,29.35,15.25,no
tax,8.24,60.25,60.25,52.01,7.31,no
taxi,6.18,56.13,56.13,49.95,9.08,no
team,4.63,32.44,32.44,27.81,7.01,no
tech,6.99,50.98,50.98,43.99,7.29,no
technology,9.78,26.26,26.26,16.48,2.69,no
tel,9.78,9.78,9.78,0.00,1.00,no
tennis,67.46,67.46,67.46,0.00,1.00,no
theater,10.81,52.01,52.01,41.20,4.81,no
theatre,515.45,515.45,515.45,0.00,1.00,no
tickets,360.97,386.71,386.71,25.74,1.07,no
tienda,5.66,47.89,47.89,42.23,8.46,no
tips,8.24,28.32,28.32,20.08,3.44,no
tires,8.24,80.84,80.84,72.60,9.81,no
tm,432.85,432.85,427.99,0.00,1.00,no
to,51.80,51.80,51.80,0.00,1.00,no
today,2.57,26.26,26.26,23.69,10.22,no
tokyo,13.76,13.76,13.76,0.00,1.00,no
tools,9.78,32.44,32.44,22.66,3.32,no
top,1.63,4.63,4.63,3.00,2.84,no
tours,5.66,56.13,56.13,50.47,9.92,no
town,5.66,32.44,32.44,26.78,5.73,no
toys,10.81,58.19,58.19,47.38,5.38,no
trade,4.61,5.64,4.61,1.03,1.22,no
trading,19.05,19.05,19.05,0.00,1.00,no
training,11.84,36.56,36.56,24.72,3.09,no
travel,15.96,129.25,129.25,113.29,8.10,no
tube,21.11,21.11,21.11,0.00,1.00,no
tv,26.26,26.26,26.26,0.00,1.00,no
tw,11.89,17.99,17.99,6.10,1.51,no
uk,5.66,5.66,0.00,0.00,1.00,no
university,10.81,56.13,56.13,45.32,5.19,no
uno,4.63,21.11,21.11,16.48,4.56,no
us,4.43,7.00,7.00,2.57,1.58,no
vacations,5.66,34.50,34.50,28.84,6.10,no
vc,26.06,26.06,26.06,0.00,1.00,no
vegas,15.96,43.39,42.85,27.43,2.72,no
ventures,5.66,53.04,53.04,47.38,9.37,no
vet,36.56,36.56,36.56,0.00,1.00,no
viajes,77.75,77.75,77.75,0.00,1.00,no
video,8.24,31.41,31.41,23.17,3.81,no
villas,10.81,53.04,53.04,42.23,4.91,no
vin,6.69,53.04,53.04,46.35,7.93,no
vip,4.12,5.15,5.15,1.03,1.25,no
vision,5.66,40.68,40.68,35.02,7.19,no
vodka,26.26,26.26,26.26,0.00,1.00,no
vote,26.26,80.84,80.84,54.58,3.08,no
voto,10.81,56.13,56.13,45.32,5.19,no
voyage,5.66,46.86,46.86,41.20,8.28,no
wales,10.59,10.59,10.59,0.00,1.00,no
wang,4.12,6.05,6.05,1.93,1.47,no
watch,3.09,39.65,39.65,36.56,12.83,no
watches,52.01,257.98,257.98,205.97,4.96,no
webcam,10.79,10.79,10.79,0.00,1.00,no
website,1.96,21.11,21.11,19.15,10.77,no
wedding,26.26,26.26,26.26,0.00,1.00,no
wiki,2.06,26.26,26.26,24.20,12.75,no
win,4.61,5.64,4.61,1.03,1.22,no
wine,5.66,53.04,53.04,47.38,9.37,no
work,2.06,10.81,10.81,8.75,5.25,no
works,4.63,34.50,34.50,29.87,7.45,no
world,2.57,37.59,37.59,35.02,14.63,no
ws,22.97,22.97,22.97,0.00,1.00,no
wtf,2.57,32.44,32.44,29.87,12.62,no
xin,2.37,13.05,13.05,10.68,5.51,no
xn--5tzm5g,11.84,11.84,11.84,0.00,1.00,no
xn--6frz82g,13.90,13.90,13.90,0.00,1.00,no
xn--czrs0t,37.59,37.59,37.59,0.00,1.00,no
xn--fjq720a,69.52,69.52,69.52,0.00,1.00,no
xn--q9jyb4c,7.43,7.43,7.43,0.00,1.00,no
xn--unup4y,69.52,69.52,69.52,0.00,1.00,no
xn--vhquv,69.52,69.52,69.52,0.00,1.00,no
xxx,52.01,98.35,98.35,46.34,1.89,no
xyz,2.04,14.21,14.21,12.17,6.97,no
yachts,1.54,14.21,14.21,12.67,9.23,no
yoga,26.26,26.26,26.26,0.00,1.00,no
yokohama,13.76,13.76,13.76,0.00,1.00,no
you,18.54,18.54,18.54,0.00,1.00,no
zip,10.81,10.81,10.81,0.00,1.00,no
zone,8.24,34.50,34.50,26.26,4.19,no
